{"cameraMode":{"drawMode":0,"name":"Shaded","section":"Shading Mode"},"sceneLighting":false,"audioPlay":false,"sceneViewState":{"m_AlwaysRefresh":false,"showFog":true,"showSkybox":false,"showFlares":true,"showImageEffects":true,"showParticleSystems":true,"showVisualEffectGraphs":true,"m_FxEnabled":true},"in2DMode":false,"pivot":{"x":0.263380765914917,"y":2.657154083251953,"z":-2.0923337936401369},"rotation":{"x":-0.1363370269536972,"y":0.025848863646388055,"z":-0.003559262491762638,"w":-0.9903203845024109},"size":0.8903835415840149,"orthographic":false}